category,name
Sách Kinh Tế ,Marketing – Bán Hàng
Sách Kinh Tế ,Ngoại Thương
Sách Kinh Tế ,Nhân Sự & Việc Làm
Sách Kinh Tế ,Nhân Vật & Bài Học Kinh Doanh
Sách Kinh Tế ,Phân Tích & Môi Trường Kinh Tế
Sách Kinh Tế ,Quản Trị - Lãnh Đạo
Sách Kinh Tế ,Tài Chính & Tiền Tệ
Sách Kinh Tế ,Tài Chính – Kế Toán
Sách Kinh Tế ,Văn Bản Luật
Sách Kinh Tế ,Đầu Tư & Chứng Khoán
Sách Văn học Trong Nước,Phê Bình Văn Học
Sách Văn học Trong Nước,Phóng Sự
Sách Văn học Trong Nước,Ký Sự
Sách Văn học Trong Nước,Sách Về Nhân Vật Văn Học
Sách Văn học Trong Nước,Thơ Ca
Sách Văn học Trong Nước,Tiểu Thuyết Lãng Mạn
Sách Văn học Trong Nước,Tiểu Thuyết Lịch Sử
Sách Văn học Trong Nước,Truyện & Thơ Ca Dân Gian
Sách Văn học Trong Nước,Truyện Dài
Sách Văn học Trong Nước,Truyện Giả Tưởng – Thần Bí
Sách Văn học Trong Nước,Truyện Kiếm Hiệp
Sách Văn học Trong Nước,Truyện Ngắn – Tản Văn
Sách Văn học Trong Nước,Truyện Thiếu Nhi
Sách Văn học Trong Nước,Truyện Trinh Thám
Sách Văn học Trong Nước,Vụ Án
Sách Văn học Trong Nước,Tự Truyện - Hồi Ký
Sách Văn học Nước Ngoài,Cổ Tích & Thần Thoại
Sách Văn học Nước Ngoài,Phê Bình Văn Học
Sách Văn học Nước Ngoài,Phóng Sự
Sách Văn học Nước Ngoài,Ký Sự
Sách Văn học Nước Ngoài,Sách Về Nhân Vật Văn Học
Sách Văn học Nước Ngoài,Thơ Ca
Sách Văn học Nước Ngoài,Tiểu Thuyết Tình Yêu
Sách Văn học Nước Ngoài,Truyện Kiếm Hiệp - Phiêu Lưu
Sách Văn học Nước Ngoài,Truyện Lịch Sử
Sách Văn học Nước Ngoài,Truyện Ngắn
Sách Văn học Nước Ngoài,Truyện Thiếu Nhi
Sách Văn học Nước Ngoài,Truyện Trinh Thám
Sách Văn học Nước Ngoài,Vụ Án
Sách Văn học Nước Ngoài,Truyện Viễn Tưởng
Sách Văn học Nước Ngoài,Tự Truyện - Hồi Ký
Sách Văn học Nước Ngoài,Tiểu Thuyết Ngôn Tình
Sách Văn học Nước Ngoài,Tiểu Thuyết Đam Mỹ
Sách Thường Thức – Đời Sống,Bí Quyết Làm Đẹp
Sách Thường Thức – Đời Sống,Hạnh Phúc Gia Đình
Sách Thường Thức – Đời Sống,Nữ Công Gia Chánh
Sách Thường Thức – Đời Sống,Nuôi Dạy Con
Sách Thường Thức – Đời Sống,Sách Nấu Ăn
Sách Thường Thức – Đời Sống,Cây
Sách Thường Thức – Đời Sống,Cá Cảnh
Sách Thường Thức – Đời Sống,Vật Nuôi Trong Nhà
Sách Thường Thức – Đời Sống,Cẩm Nang Tuổi Mới Lớn
Sách Thường Thức – Đời Sống,Quan Hệ Giới Tính
Sách Thường Thức – Đời Sống,Sinh Lý Học
Sách Thiếu Nhi,Khoa Học Tự Nhiên
Sách Thiếu Nhi,Khoa Học Xã Hội
Sách Thiếu Nhi,Mỹ Thuật
Sách Thiếu Nhi,Âm Nhạc
Sách Thiếu Nhi,Sách Ngoại Ngữ
Sách Thiếu Nhi,Truyện Tranh
Sách Phát Triển Bản Thân,Sách Học Làm Người
Sách Phát Triển Bản Thân,Danh Nhân Văn Hoá
Sách Phát Triển Bản Thân,Hồi Ký
Sách Phát Triển Bản Thân,Nhà Khoa Học
Sách Phát Triển Bản Thân,Triết Gia
Sách Phát Triển Bản Thân,Chính Trị Gia
Sách Phát Triển Bản Thân,Nhà Quân Sự
Sách Tin Học - Ngoại Ngữ,Tiếng Anh
Sách Tin Học - Ngoại Ngữ,Tiếng Hoa
Sách Tin Học - Ngoại Ngữ,Từ Điển
Sách Tin Học - Ngoại Ngữ,Từ Điển Chuyên Ngành
Sách Tin Học - Ngoại Ngữ,Cơ Sở Dữ Liệu
Sách Tin Học - Ngoại Ngữ,Hệ Điều Hành
Sách Tin Học - Ngoại Ngữ,Internet & Mạng
Sách Tin Học - Ngoại Ngữ,Lập Trình & Phần Mềm Ứng Dụng
Sách Tin Học - Ngoại Ngữ,Lập Trình Web
Sách Tin Học - Ngoại Ngữ,Tin Học Cơ Bản
Sách Tin Học - Ngoại Ngữ,Tin Học Văn Phòng
Sách Tin Học - Ngoại Ngữ,Đồ Họa
Sách Chuyên Ngành,Âm Nhạc
Sách Chuyên Ngành,Chính Trị
Sách Chuyên Ngành,Triết Học
Sách Chuyên Ngành,Du Lịch
Sách Chuyên Ngành,Khoa Học Cơ Bản
Sách Chuyên Ngành,Khoa Học Kỹ Thuật
Sách Chuyên Ngành,Khoa Học Xã Hội
Sách Chuyên Ngành,Lịch Sử
Sách Chuyên Ngành,Địa Lý
Sách Chuyên Ngành,Mỹ Thuật
Sách Chuyên Ngành,Kiến Trúc
Sách Chuyên Ngành,Nông Lâm Nghiệp
Sách Chuyên Ngành,Pháp Luật
Sách Chuyên Ngành,Sách Tôn Giáo
Sách Chuyên Ngành,Thể Thao
Sách Chuyên Ngành,Văn Hoá Nghệ Thuật
Sách Chuyên Ngành,Y Học
Sách Chuyên Ngành,Nghiệp Vụ Báo Chí
Sách Chuyên Ngành,Các Chủ Đề Khác
Sách Giáo Khoa - Giáo Trình,Cấp I
Sách Giáo Khoa - Giáo Trình,Cấp II
Sách Giáo Khoa - Giáo Trình,Cấp III
Sách Giáo Khoa - Giáo Trình,Sách Tham Khảo Cấp I
Sách Giáo Khoa - Giáo Trình,Sách Tham Khảo Cấp II
Sách Giáo Khoa - Giáo Trình,Sách Tham Khảo Cấp III
Sách Giáo Khoa - Giáo Trình,Đại Học
