category,sub_categories,images
Sách Kinh Tế ,"Marketing – Bán Hàng ,Ngoại Thương,Nhân Sự & Việc Làm,Nhân Vật & Bài Học Kinh Doanh,Phân Tích & Môi Trường Kinh Tế,Quản Trị - Lãnh Đạo ,Tài Chính & Tiền Tệ,Tài Chính – Kế Toán,Văn Bản Luật ,Đầu Tư & Chứng Khoán",
Sách Văn học Trong Nước,"Phê Bình Văn Học ,Phóng Sự, Ký Sự ,Sách Về Nhân Vật Văn Học ,Thơ Ca ,Tiểu Thuyết Lãng Mạn ,Tiểu Thuyết Lịch Sử ,Truyện & Thơ Ca Dân Gian ,Truyện Dài ,Truyện Giả Tưởng – Thần Bí,Truyện Kiếm Hiệp ,Truyện Ngắn – Tản Văn ,Truyện Thiếu Nhi ,Truyện Trinh Thám, Vụ Án ,Tự Truyện - Hồi Ký ",
Sách Văn học Nước Ngoài,"Cổ Tích & Thần Thoại ,Phê Bình Văn Học ,Phóng Sự, Ký Sự ,Sách Về Nhân Vật Văn Học ,Thơ Ca ,Tiểu Thuyết Tình Yêu ,Truyện Kiếm Hiệp - Phiêu Lưu,Truyện Lịch Sử ,Truyện Ngắn ,Truyện Thiếu Nhi ,Truyện Trinh Thám, Vụ Án ,Truyện Viễn Tưởng ,Tự Truyện - Hồi Ký ,Tiểu Thuyết Ngôn Tình,Tiểu Thuyết Đam Mỹ ",
Sách Thường Thức – Đời Sống,"Bí Quyết Làm Đẹp,Hạnh Phúc Gia Đình,Nữ Công Gia Chánh,Nuôi Dạy Con,Sách Nấu Ăn,Cây, Cá Cảnh,Vật Nuôi Trong Nhà,Cẩm Nang Tuổi Mới Lớn,Quan Hệ Giới Tính,Sinh Lý Học",
Sách Thiếu Nhi,"Khoa Học Tự Nhiên ,Khoa Học Xã Hội ,Mỹ Thuật, Âm Nhạc ,Sách Ngoại Ngữ ,Truyện Tranh ",
Sách Phát Triển Bản Thân,"Sách Học Làm Người ,Danh Nhân Văn Hoá,Hồi Ký,Nhà Khoa Học,Triết Gia, Chính Trị Gia, Nhà Quân Sự",
Sách Tin Học - Ngoại Ngữ,"Tiếng Anh,Tiếng Hoa,Từ Điển ,Từ Điển Chuyên Ngành,Cơ Sở Dữ Liệu,Hệ Điều Hành,Internet & Mạng,Lập Trình & Phần Mềm Ứng Dụng,Lập Trình Web,Tin Học Cơ Bản,Tin Học Văn Phòng,Đồ Họa",
Sách Chuyên Ngành,"Âm Nhạc ,Chính Trị, Triết Học ,Du Lịch,Khoa Học Cơ Bản,Khoa Học Kỹ Thuật,Khoa Học Xã Hội ,Lịch Sử, Địa Lý ,Mỹ Thuật, Kiến Trúc,Nông Lâm Nghiệp ,Pháp Luật ,Sách Tôn Giáo ,Thể Thao ,Văn Hoá Nghệ Thuật ,Y Học ,Nghiệp Vụ Báo Chí ,Các Chủ Đề Khác ",
Sách Giáo Khoa - Giáo Trình,"Cấp I ,Cấp II ,Cấp III,Sách Tham Khảo Cấp I,Sách Tham Khảo Cấp II,Sách Tham Khảo Cấp III,Đại Học",
